{"cameraMode":{"drawMode":0,"name":"Shaded","section":"Shading Mode"},"sceneLighting":true,"audioPlay":false,"sceneViewState":{"showFog":true,"showMaterialUpdate":false,"showSkybox":true,"showFlares":true,"showImageEffects":true,"showParticleSystems":true},"in2DMode":false,"pivot":{"x":1.4054917097091675,"y":0.6343937516212463,"z":2.73507022857666},"rotation":{"x":-0.013263802975416184,"y":-0.49934080243110659,"z":0.0076444027945399288,"w":-0.8662757277488709},"size":2.2340996265411379,"orthographic":false}