{"cameraMode":{"drawMode":0,"name":"Shaded","section":"Shading Mode"},"sceneLighting":true,"audioPlay":false,"sceneViewState":{"showFog":true,"showMaterialUpdate":false,"showSkybox":true,"showFlares":true,"showImageEffects":true,"showParticleSystems":true},"in2DMode":false,"pivot":{"x":1.0609055757522584,"y":2.130542755126953,"z":0.23201915621757508},"rotation":{"x":-0.39906102418899538,"y":0.293048232793808,"z":-0.13628588616847993,"w":-0.858079195022583},"size":-0.4340997338294983,"orthographic":false}